GEOGRAPHIC AREA,Farms - Investigating improvements not a priority,Farmland in acres - Investigating improvements not a priority,Acres equipped - Investigating improvements not a priority,Acres irrigated - Investigating improvements not a priority,Acre-feet applied - Investigating improvements not a priority,Farms - Risk of reduced yield or poorer crop quality,Farmland in acres - Risk of reduced yield or poorer crop quality,Acres equipped - Risk of reduced yield or poorer crop quality,Acres irrigated - Risk of reduced yield or poorer crop quality,Acre-feet applied - Risk of reduced yield or poorer crop quality,Farms - Physical field or crop conditions limit system improvements,Farmland in acres - Physical field or crop conditions limit system improvements,Acres equipped - Physical field or crop conditions limit system improvements,Acres irrigated - Physical field or crop conditions limit system improvements,Acre-feet applied - Physical field or crop conditions limit system improvements,Farms - Improvements will not reduce costs enough to cover implementation costs,Farmland in acres - Improvements will not reduce costs enough to cover implementation costs,Acres equipped -  Improvements will not reduce costs enough to cover implementation costs,Acres irrigated -  Improvements will not reduce costs enough to cover implementation costs,Acre-feet applied -  Improvements will not reduce costs enough to cover implementation costs,Farms - Cannot finance improvements,Farmland in acres - Cannot finance improvements,Acres equipped - Cannot finance improvements,Acres irrigated - Cannot finance improvements,Acre-feet applied - Cannot finance improvements,Farms - Landlord will not share in cost,Farmland in acres - Landlord will not share in cost,Acres equipped - Landlord will not share in cost,Acres irrigated - Landlord will not share in cost,Acre-feet applied - Landlord will not share in cost,Farms - Uncertainty about future availability of water,Farmland in acres - Uncertainty about future availability of water,Acres equipped - Uncertainty about future availability of water,Acres irrigated - Uncertainty about future availability of water,Acre-feet applied - Uncertainty about future availability of water,Farms - Will not be farming this operation long enough to justify improvements,Farmland in acres - Will not be farming this operation long enough to justify improvements,Acres equipped - Will not be farming this operation long enough to justify improvements,Acres irrigated - Will not be farming this operation long enough to justify improvements,Acre-feet applied - Will not be farming this operation long enough to justify improvements,Farms - Improvements will increase management time or cost,Farmland in acres - Improvements will increase management time or cost,Acres equipped - Improvements will increase management time or cost,Acres irrigated - Improvements will increase management time or cost,Acre-feet applied - Improvements will increase management time or cost,"Farms - Investigating improvementsnot a priority","Acres irrigated - Investigating improvementsnot a priority","Acre-feet applied - Investigating improvementsnot a priority",Farms - Risk of reduced yield or poorer crop quality,Acres irrigated - Risk of reduced yield or poorer crop quality,Acre-feet applied - Risk of reduced yield or poorer crop quality,Farms - Physical field or crop conditions limit system improvements,Acres irrigated - Physical field or crop conditions limit system improvements,Acre-feet applied - Physical field or crop conditions limit system improvements,Farms - Improvements will not reduce costs enough to cover implementation costs,Acres irrigated -  Improvements will not reduce costs enough to cover implementation costs,Acre-feet applied -  Improvements will not reduce costs enough to cover implementation costs,Farms - Cannot finance improvements,Acres irrigated - Cannot finance improvements,Acre-feet applied - Cannot finance improvements,Farms - Landlord will not share in cost,Acres irrigated - Landlord will not share in cost,Acre-feet applied - Landlord will not share in cost,Farms - Uncertainty about future availability of water,Acres irrigated - Uncertainty about future availability of water,Acre-feet applied - Uncertainty about future availability of water,Farms - Will not be farming this operation long enough to justify improvements,Acres irrigated - Will not be farming this operation long enough to justify improvements,Acre-feet applied - Will not be farming this operation long enough to justify improvements,Farms - Improvements will increase management time or cost,Acres irrigated - Improvements will increase management time or cost,Acre-feet applied - Improvements will increase management time or cost,"Farms - Investigating improvementsnot a priority","Acres irrigated - Investigating improvementsnot a priority","Acre-feet applied - Investigating improvementsnot a priority",Farms - Risk of reduced yield or poorer crop quality,Acres irrigated - Risk of reduced yield or poorer crop quality,Acre-feet applied - Risk of reduced yield or poorer crop quality,Farms - Physical field or crop conditions limit system improvements,Acres irrigated - Physical field or crop conditions limit system improvements,Acre-feet applied - Physical field or crop conditions limit system improvements,Farms - Improvements will not reduce costs enough to cover implementation costs,Acres irrigated -  Improvements will not reduce costs enough to cover implementation costs,Acre-feet applied -  Improvements will not reduce costs enough to cover implementation costs,Farms - Cannot finance improvements,Acres irrigated - Cannot finance improvements,Acre-feet applied - Cannot finance improvements,Farms - Landlord will not share in cost,Acres irrigated - Landlord will not share in cost,Acre-feet applied - Landlord will not share in cost,Farms - Uncertainty about future availability of water,Acres irrigated - Uncertainty about future availability of water,Acre-feet applied - Uncertainty about future availability of water,Farms - Will not be farming this operation long enough to justify improvements,Acres irrigated - Will not be farming this operation long enough to justify improvements,Acre-feet applied - Will not be farming this operation long enough to justify improvements,Farms - Improvements will increase management time or cost,Acres irrigated - Improvements will increase management time or cost,Acre-feet applied - Improvements will increase management time or cost,"Farms - Investigating improvementsnot a priority","Acres irrigated - Investigating improvementsnot a priority","Acre-feet applied - Investigating improvementsnot a priority",Farms - Risk of reduced yield or poorer crop quality,Acres irrigated - Risk of reduced yield or poorer crop quality,Acre-feet applied - Risk of reduced yield or poorer crop quality,Farms - Physical field or crop conditions limit system improvements,Acres irrigated - Physical field or crop conditions limit system improvements,Acre-feet applied - Physical field or crop conditions limit system improvements,Farms - Improvements will not reduce costs enough to cover implementation costs,Acres irrigated -  Improvements will not reduce costs enough to cover implementation costs,Acre-feet applied -  Improvements will not reduce costs enough to cover implementation costs,Farms - Cannot finance improvements,Acres irrigated - Cannot finance improvements,Acre-feet applied - Cannot finance improvements,Farms - Landlord will not share in cost,Acres irrigated - Landlord will not share in cost,Acre-feet applied - Landlord will not share in cost,Farms - Uncertainty about future availability of water,Acres irrigated - Uncertainty about future availability of water,Acre-feet applied - Uncertainty about future availability of water,Farms - Will not be farming this operation long enough to justify improvements,Acres irrigated - Will not be farming this operation long enough to justify improvements,Acre-feet applied - Will not be farming this operation long enough to justify improvements,Farms - Other,Acres irrigated - Other,Acre-feet applied - Other
United States,"36,382","22,295,161","5,384,141","5,026,403","7,163,013","18,688","17,018,693","6,763,888","6,367,477","10,115,489","15,427","15,881,393","5,008,281","4,666,302","7,439,814","30,969","33,842,892","11,657,285","10,989,319","17,165,341","39,224","31,769,891","9,226,689","8,636,826","14,084,376","8,604","18,744,056","7,578,796","7,168,245","10,599,178","22,164","25,924,013","7,225,090","6,712,674","11,733,808","14,544","9,221,345","2,891,845","2,704,042","4,255,988","13,729","13,137,730","4,480,536","4,158,248","6,507,767","40,513","5,936,080","8,215,677","17,011","5,698,594","8,667,051","16,325","5,355,008","8,334,493","29,618","10,354,755","15,284,759","35,736","8,834,795","13,659,417","9,412","7,211,889","10,371,656","19,364","5,339,121","9,453,613","16,669","2,869,704","4,506,778","12,960","3,955,556","6,122,443","50,242","7,653,357","11,211,006","20,039","5,208,860","8,524,418","21,596","6,443,086","10,605,809","32,528","10,245,853","15,980,579","40,468","7,625,049","12,468,356","12,608","7,315,678","11,894,326","30,895","8,533,047","14,583,080","19,055","3,453,058","5,616,806","16,104","4,007,624","6,286,799","46,825","7,275,728","12,058,774","18,578","3,559,851","5,742,434","20,888","3,254,283","5,717,695","33,725","7,132,837","11,934,612","37,512","6,428,045","11,221,456","6,815","4,026,107","6,850,516","19,536","3,703,317","6,489,259","17,280","2,451,156","3,879,158","14,272","2,814,618","4,767,103"
Alabama,269,"198,901","28,881","25,775","13,507",115,"42,212","18,154","17,730","16,729",102,"66,572","17,726","16,956","7,079",311,"155,662","48,608","45,630","28,160",248,"78,733","30,647","27,342","29,267",59,"136,530","20,910","20,310","10,508",75,"50,498","16,053","13,729","13,187",40,"5,553","1,460",NULL,NULL,181,"44,662","17,429","14,316","20,730",144,"9,704","3,422",36,"10,906","5,614",64,"7,292","1,893",29,"8,098","5,000",172,"9,425","4,458",33,"29,564","25,551",14,"8,379","5,600",96,"2,417","6,110",57,"3,283",596,219,"19,940","5,986",80,"7,215","2,982",65,"10,302","3,377",140,"11,329","4,502",181,"13,144","5,699",34,"7,367","2,878",39,"6,478","1,928",112,"3,809","1,594",78,"8,699","3,752",185,"10,117","5,523",54,"7,593","3,877",36,"4,032","2,617",108,"14,152","7,854",97,"10,012","5,226",5,"1,514","1,180",70,"4,113","2,139",44,904,406,74,"6,637","2,977"
Alaska ,101,740,304,222,106,10,189,122,122,49,5,54,19,19,11,12,129,119,119,53,59,599,316,162,82,12,169,NULL,NULL,NULL,9,18,11,11,11,46,"3,173",104,NULL,NULL,9,99,18,16,11,92,206,248,8,21,28,3,21,NULL,11,NULL,NULL,35,574,561,1,NULL,NULL,25,30,17,32,243,123,19,19,17,29,147,66,13,40,17,11,96,32,15,36,13,29,137,50,8,20,12,6,12,4,20,32,20,18,44,16,9,834,223,1,NULL,NULL,0,0,0,2,NULL,NULL,3,995,222,0,0,0,0,0,0,2,NULL,NULL,0,0,0
Arizona ,399,"109,701","69,116","59,112","270,788",226,"296,348","158,493","150,187","614,465",295,"205,481","149,551","143,945","610,058",329,"256,438","159,488","144,382","654,536",626,"437,589","172,719","160,323","657,687",216,"297,301","225,333","209,924","880,074",455,"228,545","157,855","123,484","455,229",281,"1,640,041","116,411","104,240","455,469",96,"60,296","54,982","54,433","206,170",497,"108,158","621,451",171,"128,561","620,585",198,"123,034","488,325",311,"122,949","596,652",425,"201,683","1,050,702",141,"207,399","1,128,373",371,"145,693","660,483",282,"115,332","630,885",178,"94,935","513,987","1,099","87,691","291,425",269,"67,194","269,253",436,"90,073","440,460",560,"124,760","572,066","1,209","121,436","519,277",297,"192,388","919,114",598,"114,054","443,406",243,"97,354","520,142",142,"32,353","140,262",846,"126,478","617,356",314,"43,359","197,244",191,"52,928","285,587",113,"74,454","405,689",844,"104,168","544,529",58,"109,197","602,661",355,"37,610","208,255",355,"35,365","196,255",440,"64,016","313,329"
Arkansas ,355,"576,538","494,655","488,832","572,649",253,"497,622","425,170","424,880","424,240",294,"604,066","488,893","470,769","468,536",581,"1,043,816","948,093","920,363","1,010,598",585,"982,831","833,539","802,832","896,312",447,"1,199,463","1,067,920","1,040,961","1,173,457",102,"167,481","151,436","144,458","186,545",183,"293,208","264,334","259,035","311,756",255,"564,270","520,548","504,297","585,581",450,"582,342","756,386",257,"368,362","480,543",349,"643,738","789,224",501,"833,050","1,017,684",592,"683,527","823,892",582,"1,187,550","1,374,327",114,"144,112","161,742",230,"234,898","286,597",264,"515,492","616,728",743,"703,031","824,924",285,"383,750","457,513",452,"631,712","873,250",560,"827,785","1,060,615",706,"765,831","976,565",700,"1,209,053","1,717,621",248,"483,347","637,376",424,"392,667","480,230",331,"399,998","499,391",795,"568,483","1,057,520",355,"363,468","631,344",195,"215,570","430,124",566,"672,025","1,366,433",807,"761,984","1,473,040",688,"788,829","1,503,783",168,"170,290","281,662",226,"237,606","482,235",96,"107,753","281,925"
California ,"5,625","1,453,430","544,034","521,037","1,689,423","5,028","1,632,679","1,214,034","1,138,629","3,398,047","2,724","1,323,217","863,300","789,906","2,237,123","5,972","2,497,026","1,783,978","1,677,080","4,943,394","6,964","2,140,534","1,537,939","1,401,889","4,160,703","1,022","1,038,061","768,102","711,676","2,204,241","4,884","3,832,853","1,809,389","1,698,260","4,978,459","2,548","520,141","445,410","418,344","1,195,790","3,121","1,286,908","832,781","774,074","2,195,925","6,653","621,884","1,636,019","3,707","847,470","2,447,995","2,901","748,430","2,189,666","4,955","1,285,025","3,843,615","5,705","1,206,203","3,641,365","1,239","646,780","2,118,926","4,887","1,131,834","3,451,656","3,519","332,425","973,175","2,650","510,353","1,608,138","12,555","722,917","2,222,193","6,475","705,154","2,168,315","4,403","712,772","2,493,094","5,171","987,386","3,066,300","9,198","978,336","2,920,874","1,799","755,213","2,481,137","8,061","1,544,705","4,870,478","4,600","388,434","1,301,937","3,740","525,293","1,643,708","11,508","840,947","2,784,571","6,904","518,786","1,570,471","8,219","475,868","1,522,380","7,426","1,047,357","3,392,938","5,365","732,336","2,563,354",427,"408,676","1,492,869","5,729","685,633","2,221,331","4,420","272,740","825,254","2,223","526,092","1,417,991"
Colorado ,"2,226","683,719","229,607","217,117","350,391",757,"1,227,584","238,713","235,963","339,849","1,188","780,164","220,876","213,990","297,991","1,935","1,771,610","477,550","459,237","763,788","3,169","1,940,754","502,432","481,058","757,798",353,"437,105","219,169","217,279","383,814","2,518","3,323,850","704,334","683,912","1,091,117",747,"737,936","144,876","123,631","193,568",859,"1,088,178","140,351","139,058","222,427","2,243","223,230","378,614","1,296","327,632","568,004","1,284","310,119","443,712","1,816","523,403","666,077","2,486","325,459","564,493",467,"253,138","358,164","2,538","579,588","844,970",892,"112,311","149,826",652,"103,053","151,575","2,175","292,331","448,744",890,"220,406","410,877","1,088","280,718","533,702","2,420","422,655","839,262","2,451","348,695","686,213",498,"215,981","383,706","3,283","585,774","990,112",585,"138,496","280,527","1,038","164,807","362,675","2,788","582,679","863,248",342,"149,000","197,741",515,"184,896","271,558","1,976","420,945","676,440","2,471","395,334","531,977",427,"165,774","258,064","1,054","280,816","383,757","1,098","152,075","243,095","2,276","176,617","256,265"
Connecticut ,132,"4,448","1,003",714,"1,136",30,"1,245",262,188,130,34,565,155,99,313,47,"8,049","2,059",405,536,104,"4,726","1,166",861,"1,814",1,NULL,NULL,NULL,NULL,12,389,84,57,64,30,"1,121",228,228,260,31,"2,026",450,301,147,29,400,162,10,10,10,43,NULL,NULL,135,"1,670","1,177",49,360,NULL,5,370,NULL,1,NULL,NULL,28,133,61,0,0,0,154,500,325,42,784,701,41,804,"1,089",71,804,"1,206",158,"1,377","1,828",40,271,144,27,685,"1,077",64,893,"1,164",41,129,70,48,270,49,7,NULL,160,7,225,116,20,593,NULL,16,150,91,6,200,111,8,148,59,32,265,105,11,NULL,95
Delaware ,70,"37,159","14,275","14,245","7,240",45,"14,120","10,144","9,794","9,115",29,"31,412","13,351","13,351","9,928",72,"40,523","22,461","21,573","12,828",54,"23,039","9,494","9,071","7,313",24,"25,602","12,742","12,556","7,534",12,"13,759","6,324","6,324","4,176",28,"22,990","10,923","10,811","5,982",28,"11,489","7,763","7,417","3,381",87,"21,849","6,613",75,"28,722","11,126",31,"18,030","6,185",74,"32,140","11,532",44,"30,730","8,373",32,"21,940","8,238",25,"13,040","4,724",41,"17,632","7,381",26,"12,479","5,135",78,"11,624","6,498",42,"13,600","7,157",41,"13,424","5,977",88,"20,921","12,231",66,"5,568","3,162",35,"11,716","5,770",20,"3,098","1,266",25,"5,480","1,990",25,"6,918","4,388",83,"18,307","14,331",57,"13,722","9,149",12,"1,783","1,853",56,"7,036","4,949",21,"5,842","5,424",23,"2,046","1,494",16,"6,900","5,025",41,"7,456","4,839",22,"6,142","4,950"
Florida ,"1,631","439,119","103,655","101,580","108,818",873,"121,144","73,491","66,475","118,448",508,"99,339","57,292","37,701","47,361",757,"679,856","205,109","183,959","218,103","1,322","185,114","113,837","109,037","100,679",102,"71,654","45,124","45,124","47,251",163,"96,087","23,611","23,131","29,686",946,"123,179","75,466","72,646","100,180",415,"187,699","57,740","51,968","61,881","1,724","97,675","115,457",502,"50,068","45,897",439,"44,770","44,424",783,"114,684","133,411",753,"72,457","78,171",136,"24,508","35,573",213,"40,074","35,355",717,"33,383","20,859",363,"41,142","40,439","1,836","159,607","160,155",594,"67,853","69,055",556,"68,535","66,960",818,"116,334","119,355","1,415","120,468","115,819",224,"33,799","33,393",412,"42,469","39,878",797,"81,191","75,233",598,"54,993","57,494","1,032","125,042","172,915",451,"52,419","64,807",657,"53,091","104,365",575,"133,943","137,160",647,"64,154","62,541",28,"11,857","22,336",134,"20,541","19,279",432,"32,007","40,160",820,"163,856","247,149"
Georgia ,992,"431,606","114,571","113,373","72,254",366,"294,895","161,417","131,468","97,341",240,"217,852","111,863","82,496","61,907",585,"518,702","221,500","212,074","157,425",552,"196,088","70,132","59,657","57,205",218,"259,082","127,448","125,234","99,017",308,"273,678","97,188","94,704","62,927",151,"78,925","16,354","16,354","8,826",308,"450,036","237,455","206,768","341,862",586,"110,115","68,374",300,"62,000","33,129",60,"15,215","10,573",386,"69,392","50,750",554,"78,343","39,502",133,"77,011","45,908",201,"88,243","45,523",132,"5,999","5,350",178,"21,873","8,370",673,"172,448","94,490",273,"82,310","47,100",387,"133,700","66,326",402,"222,136","105,537",584,"159,867","89,977",267,"166,166","99,075",216,"104,724","59,239",179,"85,399","44,882",211,"109,638","56,211",796,"103,255","83,708",282,"25,602","26,146",145,"11,633","10,370",553,"119,069","87,124",794,"145,692","123,479",140,"38,980","22,629",127,"18,942","14,437",213,"23,224","15,558",202,"62,541","58,067"
Hawaii ,467,"5,125","2,951","2,363","2,072",143,"1,311","1,151","1,131",877,64,NULL,"2,065","2,000",NULL,209,"13,816","4,732","2,879","7,073",349,"8,261","6,429","5,160","9,766",48,"8,752","4,475","4,455","10,128",96,"29,498","1,982",832,829,39,202,180,148,158,173,"5,916","2,280","2,215","6,079",344,"2,490","3,309",86,638,"1,187",31,"1,075","1,173",113,"5,450","12,381",251,"4,773","4,997",37,"3,584","9,966",106,"5,034","6,181",263,"2,669","2,812",160,"1,049",778,539,"3,873","7,657",158,NULL,NULL,113,"6,677","16,849",243,NULL,NULL,319,"11,870","23,948",108,"2,656","2,630",133,"46,312",NULL,177,"1,173","2,541",176,"1,990","2,429",221,"12,026",NULL,97,838,"1,867",93,725,946,134,846,"1,162",190,"9,085",NULL,42,NULL,NULL,62,626,730,143,855,"1,882",139,"1,395","3,699"
Idaho ,"2,008","554,096","297,861","288,706","439,238",752,"1,032,625","524,667","511,743","932,751",987,"686,911","405,359","383,515","689,716","1,768","1,544,909","792,189","765,771","1,371,214","2,338","1,188,960","537,016","523,588","921,100",498,"803,829","511,951","498,607","960,280","1,081","934,603","338,672","328,389","592,944",784,"317,365","183,399","180,911","325,694",675,"362,128","158,841","158,516","268,415","2,872","295,485","556,049",543,"352,127","670,923","1,114","368,514","681,848","2,372","848,767","1,697,252","2,774","759,430","1,493,174",717,"527,285","1,048,833",734,"291,643","537,373","1,185","328,346","593,567",815,"250,757","486,577","3,601","462,599","875,449",535,"290,789","527,153","1,204","559,598","1,092,255","2,321","842,703","1,608,301","2,760","560,927","1,050,130",646,"502,538","958,144","1,515","529,637","891,488","1,440","247,164","431,486",734,"135,740","237,098","2,634","310,048","579,687","1,281","221,505","390,929","1,576","327,748","629,184","3,149","372,797","633,562","3,957","516,020","960,300",430,"169,000","300,212","1,953","240,730","495,522",583,"105,428","209,291",777,"137,627","351,167"
Illinois ,443,"432,320","86,569","84,549","41,504",205,"264,782","96,426","93,259","73,018",132,"130,794","41,407","39,167","19,861",303,"398,511","106,686","104,042","55,944",270,"130,000","32,764","31,850","20,259",89,"230,890","71,777","71,777","30,745",19,"87,980","8,836","8,836","4,721",105,"55,765","26,299","25,655","19,823",157,"123,332","58,189","56,931","45,075",419,"79,065","47,123",192,"80,785","66,684",91,"59,853","28,649",236,"126,883","84,458",194,"82,095","55,217",141,"83,080","61,484",3,3,3,80,"8,884","7,236",121,"41,975","39,773",380,"70,368","51,038",127,"37,486","34,595",119,"39,781","24,444",193,"71,181","49,911",179,"28,715","23,979",92,"64,201","44,221",34,"9,611","5,855",121,"27,588","18,094",125,"34,841","27,939",395,"104,265","56,812",128,"37,307","15,294",145,"38,086","17,164",187,"55,273","22,935",56,"19,896","9,686",62,"36,200","21,707",18,"11,900","6,565",89,"19,310","9,650",58,"30,001","17,509"
Indiana ,428,"340,321","99,348","94,534","47,105",207,"208,516","75,646","75,483","39,898",140,"124,482","41,301","41,253","18,375",179,"266,765","94,957","88,223","38,470",170,"112,358","29,515","29,456","16,668",139,"188,623","65,100","63,830","35,347",1,NULL,NULL,NULL,NULL,205,"115,405","33,045","32,501","18,117",76,"83,059","23,590","23,582","14,239",416,"54,448","17,502",190,"71,562","37,430",86,"36,843","27,043",230,"107,809","45,198",172,"59,984","22,422",95,"35,736","24,859",23,103,23,110,"13,550","6,578",112,"40,510","22,000",355,"68,146","36,100",144,"36,705","22,322",150,"49,364","25,347",179,"64,718","35,305",127,"32,649","19,753",95,"50,418","28,130",43,"9,194","4,759",121,"20,759","11,288",138,"21,470","11,230",369,"110,648","52,633",104,"41,675","20,654",89,"16,065","6,299",213,"81,228","34,356",120,"21,050","9,375",41,"25,087","7,338",8,"5,565","2,160",79,"18,764","6,676",68,"27,002","15,057"
Iowa ,307,"258,300","36,513","33,279","19,336",46,"91,196","32,785","32,685","16,520",58,"81,016","28,026","27,666","15,976",123,"116,913","43,979","43,979","26,034",61,915,380,280,135,16,"52,815","23,750","23,750","11,143",37,"34,755","6,483","6,483","4,869",128,"85,654","21,653","20,320","10,558",22,176,22,22,2,207,"32,784","10,160",120,"25,096","10,606",61,157,56,116,"31,473","8,568",105,"6,956","2,110",26,"16,277","4,277",0,0,0,33,"4,048","2,270",52,"4,676","1,491",294,"30,752","15,716",77,"13,412","5,693",76,"20,351","12,367",168,"38,641",NULL,144,"17,705","10,068",51,"31,953","16,884",33,"6,748","3,441",87,"16,399","8,948",48,"8,875","3,969",161,"33,917","19,513",58,"13,009","12,610",22,"4,361","3,244",82,"23,220","10,884",43,"14,446","5,978",41,"11,439","4,008",0,0,0,51,"12,199","4,188",28,"7,904","4,270"
Kansas ,641,"1,240,495","146,126","142,644","153,272",607,"2,009,272","485,367","459,843","526,400",263,"971,495","175,100","171,052","193,475",658,"2,012,869","509,935","484,942","546,615",581,"1,741,475","362,265","348,123","346,839",421,"1,628,566","398,283","382,489","394,296",762,"2,753,543","669,300","605,811","649,419",251,"500,329","72,335","67,197","69,783",285,"447,233","118,905","105,971","102,856",544,"236,000","252,821",406,"342,471","396,702",202,"161,019","167,807",757,"540,676","582,732",872,"449,825","476,631",429,"509,294","534,439",585,"365,865","386,784",226,"73,315","74,974",210,"173,047","210,546",914,"312,010","349,760",750,"401,583","510,070",441,"255,846","313,194","1,076","556,158","644,975",508,"215,147","243,079",581,"385,318","460,830","1,114","699,355","839,447",323,"132,824","158,263",335,"210,911","262,825",721,"281,771","384,809",440,"227,624","270,419",222,"131,770","192,681",721,"375,507","434,685",647,"186,413","224,688",369,"273,511","318,385",427,"307,584","373,359",258,"87,918","94,954",292,"131,431","154,212"
Kentucky ,436,"155,125","21,668","18,101","10,515",45,"58,785","6,173","6,154","3,269",47,"21,001","14,019","14,019","8,720",178,"65,668","22,989","19,086","11,999",216,"58,317","10,517","4,871","1,970",28,"70,882","21,931","19,100","10,283",15,"3,504",242,92,124,119,"13,465","1,980","1,246",451,127,"28,416","12,627","12,446","7,959",278,"9,404","3,910",84,"5,746","2,126",77,"8,751","3,090",84,"9,128","3,781",72,"4,929","2,075",4,234,NULL,31,136,NULL,109,"1,027",794,117,"2,034","1,079",269,"8,064","4,139",43,456,290,68,"3,630","2,437",124,"5,349","2,727",127,958,463,29,"3,488","2,273",30,"3,041","2,192",97,"9,312","4,076",74,"3,942","1,860",265,"9,825","4,283",131,"5,186","2,348",60,"2,773","1,311",132,"6,967","3,807",130,"1,714",625,54,"1,415",875,47,561,376,64,"1,366",811,22,625,274
Louisiana ,382,"446,999","315,570","230,308","345,719",253,"258,797","167,275","147,237","160,870",158,"275,286","167,113","158,249","130,002",249,"323,360","212,742","201,683","176,611",294,"283,716","156,366","148,320","125,295",345,"709,436","385,333","344,857","380,321",89,"49,812","30,824","26,652","32,917",83,"55,670","22,165","22,152","16,982",144,"194,002","108,695","94,461","128,439",321,"115,149","70,530",182,"118,483","79,245",196,"129,372","147,835",274,"178,780","191,037",281,"168,573","175,919",230,"163,759","160,424",32,"26,226","8,144",157,"88,545","58,231",131,"77,807","54,733",531,"250,288","370,535",159,"80,627","88,715",174,"100,867","126,269",284,"150,768","193,150",300,"98,686","141,818",194,"116,574","145,506",62,"30,112","28,909",173,"20,840","28,369",164,"67,979","99,424",465,"159,471","153,182",123,"95,677","93,365",98,"87,728","79,265",252,"129,603","115,482",190,"95,374","97,245",148,"101,685","103,411",56,"25,786","37,349",96,"20,966","30,202",26,"22,014","16,211"
Maine ,225,"37,327","4,598","2,753",815,20,"6,674","1,697","1,298",481,28,"6,830",NULL,"1,504",555,66,"8,941",804,474,124,202,"47,754","5,391","5,168",975,1,NULL,NULL,NULL,NULL,12,"3,597",NULL,NULL,NULL,11,"2,280",353,198,97,12,"3,624",646,341,126,244,"2,008","1,012",41,"1,774",352,44,"1,568",284,80,"1,120",222,216,"8,619","3,269",37,"5,614","1,268",8,NULL,105,131,169,143,62,692,185,157,"1,529",640,5,210,140,31,369,142,71,"1,782","1,006",111,905,322,11,178,95,13,839,200,37,95,104,30,243,174,65,611,159,5,322,NULL,1,NULL,NULL,42,"2,251",413,11,472,107,0,0,0,8,427,71,0,0,0,33,"2,292",313
Maryland ,229,"59,938","18,785","18,200","10,744",61,"38,244","10,038","9,660","3,822",49,"13,257","3,889","3,739","1,880",108,"56,005","22,260","20,879","9,565",133,"25,940","13,254","12,944","6,224",17,"20,314","8,570","7,760","3,695",27,"11,869","2,864","2,864","1,099",61,"22,321","10,002","9,640","3,773",59,"25,249","10,889","10,806","5,035",325,"36,460","19,228",110,"7,444","3,768",131,"19,614","14,897",162,"26,170","14,837",119,"18,109","9,980",30,"5,370","4,020",20,660,600,98,"2,324","1,629",51,"9,035","6,656",232,"16,736","8,038",65,"12,885","6,966",95,"12,493","4,810",146,"23,278","10,331",217,"11,850","7,348",33,"7,167","4,854",45,"8,917","5,739",86,"4,443","1,940",46,"6,489","3,924",241,"13,715","8,670",22,"4,873","2,811",20,"4,403","2,351",102,"9,902","7,601",39,"5,389","3,452",18,"4,068","2,281",3,138,10,53,"7,181","3,255",47,"3,765","1,741"
Massachusetts ,327,"20,214","4,012","3,276","1,746",57,"6,446","2,001","1,370","1,611",77,"2,020",812,722,439,183,"9,294","4,108","2,236","1,685",292,"13,963","4,502","3,271","1,940",50,"2,357","1,709",831,477,47,712,357,330,170,132,"3,284","1,401","1,030",826,121,"13,929","4,662","2,806",724,364,"2,686",801,6,12,NULL,7,NULL,53,95,458,184,215,"3,557","1,287",6,NULL,7,50,790,299,76,82,31,52,698,162,365,"5,547","3,652",75,"1,289","1,965",73,"6,051","2,221",107,"7,423","4,405",249,"5,563","4,120",76,454,568,84,494,"1,715",196,865,"2,144",71,"1,850",719,170,"4,253","2,481",88,480,402,45,292,105,147,"2,532","1,041",78,"1,531",792,7,147,147,38,190,95,51,331,44,3,525,704
Michigan ,948,"316,720","76,755","68,600","38,549",433,"321,615","121,877","114,642","70,043",101,"189,155","88,138","80,293","59,830",788,"656,238","236,364","213,738","130,441",770,"227,711","80,843","75,509","44,557",84,"260,883","94,836","92,236","57,397",141,"39,841","20,173","19,316","12,753",450,"238,445","156,016","137,523","68,766",330,"223,293","114,667","111,208","90,651",665,"89,522","50,602",381,"87,584","61,759",167,"58,430","40,747",577,"205,233","116,273",527,"99,279","76,112",101,"87,325","54,593",38,"36,861","31,818",331,"32,136","13,977",299,"91,372","62,441",801,"60,225","31,564",364,"76,505","48,687",280,"66,344","31,191",461,"97,768","50,402",460,"42,347","19,509",145,"53,810","24,678",170,"42,594","23,784",388,"32,982","15,915",219,"44,784","23,191",585,"74,986","36,735",234,"30,599","14,659",88,"26,081","13,035",310,"61,477","27,025",256,"37,433","15,052",52,"12,249","6,613",31,"10,395","5,586",50,"14,644","7,300",117,"33,737","19,821"
Minnesota ,406,"222,289","58,695","57,127","34,938",257,"184,023","71,007","70,072","48,220",109,"129,329","42,182","41,454","34,464",350,"298,027","133,339","132,167","95,713",374,"175,536","77,550","75,928","59,811",99,"177,936","67,081","67,081","40,699",108,"80,582","28,676","27,656","15,527",169,"82,212","29,627","29,611","17,722",143,"121,446","65,613","64,242","51,949",392,"53,242","17,041",188,"57,787","26,384",140,"26,863","11,646",373,"133,485","75,293",312,"66,826","26,658",151,"57,526","21,049",54,"42,704","21,964",200,"60,732","34,452",173,"72,479","35,414",457,"65,366","37,589",205,"44,650","26,590",241,"47,426","32,472",285,"72,781","47,005",358,"62,962","41,082",126,"36,797","22,861",110,"24,017","14,323",196,"39,377","26,415",106,"23,774","18,305",209,"39,828","22,844",35,"25,649","15,842",12,"1,760","1,180",308,"68,295","42,165",159,"35,408","22,324",72,"14,676","6,638",29,"2,764",863,155,"17,340","9,647",174,"25,106","17,754"
Mississippi ,202,"231,526","166,534","165,220","163,822",159,"151,816","117,501","116,983","99,137",86,"71,644","61,072","60,742","51,061",194,"221,785","170,048","157,007","102,345",315,"318,168","237,242","213,638","180,675",198,"377,891","305,299","290,159","231,157",61,"62,141","60,586","58,666","49,580",103,"152,477","123,783","121,847","110,759",186,"269,345","219,324","218,450","170,820",343,"304,378","208,080",136,"145,758","111,763",122,"153,532","106,502",208,"342,886","237,244",291,"280,701","206,880",185,"367,047","236,011",39,"74,446","57,824",106,"130,289","88,963",121,"122,372","88,092",435,"522,337","587,699",161,"185,066","177,210",205,"224,925","216,917",268,"290,872","291,591",311,"286,913","274,576",226,"331,689","313,116",121,"146,613","141,591",162,"149,920","147,247",148,"172,036","164,831",288,"227,448","203,779",78,"52,239","53,108",82,"49,902","55,465",190,"178,425","208,974",126,"121,970","122,525",139,"105,020","102,749",38,"30,707","31,407",141,"59,179","51,906",26,"20,218","15,854"
Missouri ,418,"631,330","385,612","379,217","306,079",189,"178,931","97,015","95,816","100,858",63,"57,547","41,066","40,795","35,551",361,"531,963","373,301","363,150","336,749",380,"280,517","208,560","205,526","221,022",105,"157,695","110,983","106,169","101,043",7,"7,965","7,539","7,539","9,661",113,"79,429","50,387","49,547","52,908",180,"331,081","298,253","296,934","279,056",552,"148,102","108,051",226,"151,576","112,647",100,"133,301","96,957",193,"169,110","170,011",375,"231,397","195,151",151,"192,309","163,228",15,891,267,185,"125,260","99,305",96,"40,733","29,742",696,"187,261","174,409",252,"107,157","97,611",283,"152,121","143,127",335,"207,936","192,239",373,"154,215","140,085",172,"174,709","173,761",97,"25,239","21,226",135,"65,574","61,287",133,"55,765","42,580",520,"164,571","132,709",293,"122,257","108,434",235,"54,120","44,821",227,"157,135","124,025",334,"114,335","89,142",173,"108,265","94,576",59,"24,524","22,439",231,"40,555","31,224",139,"57,220","40,618"
Montana ,"1,207","1,672,360","222,974","215,779","251,115",419,"1,198,640","87,564","85,416","91,413",678,"1,816,235","208,225","206,185","287,354","1,211","3,603,536","272,474","264,165","341,880","1,652","4,140,885","394,152","384,300","456,627",224,"774,719","156,816","153,645","205,238",783,"2,233,030","218,365","209,477","260,507",464,"808,231","65,211","61,185","76,241",446,"1,524,172","95,650","95,179","136,552","1,247","258,479","310,756",469,"175,482","193,585",879,"289,889","320,326","1,345","408,968","469,447","1,555","372,969","356,733",323,"168,689","210,723",701,"297,114","333,016",708,"117,385","133,098",543,"204,609","227,006","1,719","369,850","459,918",280,"146,265","196,124",926,"276,505","362,327","1,241","431,619","531,513","1,244","329,356","415,148",349,"189,560","256,930",968,"304,706","354,106",280,"87,209","103,931",388,"118,064","120,708","1,451","311,890","496,370",572,"93,049","137,309","1,091","109,202","148,008","1,950","290,477","335,391","1,329","234,443","238,001",191,"90,328","93,520",736,"169,008","137,678",540,"96,719","128,327",465,"115,566","171,995"
Nebraska ,"1,357","2,053,200","448,982","433,485","352,760","1,469","2,603,605","1,147,402","1,113,197","1,039,593","1,005","1,383,112","501,902","489,479","452,331","2,445","5,155,245","1,734,489","1,708,723","1,484,114","2,040","4,792,281","1,078,206","1,047,865","1,037,359","1,318","2,966,384","1,452,207","1,421,646","1,431,477",708,"2,747,560","518,782","511,909","361,590",630,"767,097","259,518","249,548","237,089",557,"2,254,507","357,476","348,086","336,532","1,879","869,243","542,935",800,"634,274","406,448",934,"542,629","394,729","2,346","1,635,962","1,066,297","2,037","1,300,347","897,530","1,305","1,096,828","740,671",343,"248,710","169,766",662,"355,988","219,468",558,"405,514","263,669","2,100","966,457","925,214",901,"667,703","704,692","1,447","994,547","936,400","2,811","1,845,020","1,916,242","1,781","987,351","963,548","1,718","1,225,679","1,251,177","1,766","1,112,946","1,059,548","1,130","559,649","579,781","1,295","728,744","786,747","2,545","741,139","689,165","1,255","673,229","696,873","1,670","647,936","589,908","1,866","1,066,039","984,982","1,233","700,554","696,644",829,"746,112","615,083",502,"410,996","321,898",933,"387,143","323,381",573,"376,233","262,501"
Nevada ,249,"658,532","141,541","136,395","408,955",112,"40,078","22,522","22,520","77,892",108,"185,525","42,041","40,956","126,820",257,"352,693","195,269","194,626","604,340",402,"592,350","164,042","159,194","480,479",11,"66,429","40,374","39,929","130,759",185,"57,293","34,344","33,169","113,879",108,"45,140","31,929","28,400","93,938",35,"47,268","26,546","26,544","102,429",269,"67,776","203,598",85,"59,683","165,889",197,"88,682","231,093",214,"128,801","374,244",315,"94,029","251,308",54,"10,640","30,044",310,"137,371","391,258",45,"10,800","21,765",72,"81,117","213,380",471,"73,145","199,432",421,"93,562","264,496",179,"108,556","302,537",310,"117,055","318,675",413,"138,897","398,352",173,"57,731","168,832",854,"158,547","437,625",356,"40,327","116,631",167,"51,403","133,356",161,"76,537","132,344",48,"47,517","76,902",53,"76,361","100,357",239,"73,479","131,393",280,"96,326","195,419",37,"16,260","42,335",299,"70,878","152,521",40,"13,519","34,084",189,"40,512","87,635"
New Hampshire ,89,"2,709",245,165,212,12,"3,104","1,033",319,151,21,"1,522",350,149,49,69,"4,496","1,527",714,400,53,"3,864",336,152,97,4,8,8,8,6,9,57,43,NULL,NULL,26,574,104,26,10,22,"1,402",40,40,13,126,306,462,32,252,NULL,57,617,NULL,84,159,59,79,131,120,1,NULL,NULL,24,NULL,27,59,59,56,22,143,NULL,159,"2,528",694,40,"1,864",506,37,"1,863",495,80,598,116,84,308,200,19,212,64,17,70,17,42,95,50,40,"1,863",499,28,73,26,20,288,87,9,NULL,43,18,254,NULL,13,236,55,3,12,5,4,180,36,7,33,9,14,NULL,5
New Jersey ,279,"17,934","6,223","5,635","4,160",32,"11,309","6,828","5,248","2,814",128,"16,747","5,560","5,364","2,352",125,"44,343","16,058","15,320","8,684",285,"49,649","19,766","14,838","8,461",32,"18,833","6,719","4,934","1,642",4,"1,400","1,204","1,204",NULL,155,"9,869","6,392","4,951","2,946",105,"16,027","4,611","4,611","2,917",276,"5,599","2,431",114,"6,493","3,143",118,"4,911","2,959",234,"12,362","6,658",318,"26,404","17,549",35,"8,106","6,034",5,"1,625",697,153,"3,614","2,070",149,"1,488",246,286,"10,864","5,790",68,"6,002","5,944",88,"7,878","4,819",137,"16,491","11,636",265,"19,109","12,769",70,"6,514","1,997",43,"2,768","2,667",122,"2,415","1,332",103,"7,700","4,339",137,"10,513","7,557",57,"3,980","3,690",49,"3,779","2,659",49,"7,020","5,172",132,"6,950","5,273",11,972,"1,145",62,"2,485","2,125",71,"12,652","9,276",39,"1,093",847
New Mexico ,720,"736,859","29,357","29,198","69,077",578,"35,445","18,314","14,686","24,107",513,"76,523","39,826","35,282","87,826",803,"460,139","100,064","92,929","203,451","1,261","345,832","97,940","71,260","147,135",139,"62,843","19,645","18,452","59,858","1,899","599,078","138,648","128,227","277,764",513,"235,738","17,791","14,257","25,348",304,"235,640","23,181","22,081","56,458","1,509","68,300","94,873",979,"102,208","183,898",855,"105,838","167,202",810,"81,664","145,201","1,701","111,182","158,272",102,"30,247","73,228","2,184","154,704","257,434",454,"12,641","33,837",519,"16,192","30,593","1,052","190,478","297,619",913,"91,450","154,545",618,"60,388","106,350","1,133","71,648","161,971","1,334","104,405","224,011",187,"59,415","115,414","2,467","159,217","247,204",365,"55,310","88,924","1,037","90,447","218,978","2,932","170,620","319,912",368,"60,567","130,067",594,"44,072","89,009","1,555","57,446","116,569","2,519","112,713","195,855",52,"21,343","55,022","1,741","104,174","165,199",842,"28,875","64,823",153,"38,940","51,081"
New York ,717,"80,118","17,018","13,647","8,602",160,"29,099","9,608","4,304","2,355",74,"14,675","1,465","1,139",NULL,157,"54,336","8,899","8,504","5,042",349,"26,012","4,525","2,981","2,048",8,"3,057",736,187,219,65,"18,794","7,832","7,048",929,173,"14,271","9,604","3,767","2,185",150,"20,117","8,023","6,956","1,715",466,"5,199","6,921",268,"5,934","1,615",165,"7,143","2,396",247,"8,947","4,451",292,"8,536","3,539",33,"4,281","1,350",45,"1,284",486,104,"3,939","1,390",148,"3,086",881,390,"7,308","4,852",96,"1,890","1,126",133,"5,444","1,927",185,"6,074","2,221",370,"3,619","1,348",28,936,246,36,"2,596",816,170,"1,114",477,113,"2,348",757,98,"5,843","2,256",38,"2,918","2,302",15,NULL,510,90,"1,517",568,189,"2,034","1,323",0,0,0,5,374,98,25,970,"1,374",67,"1,205","1,543"
North Carolina ,589,"128,723","22,662","19,744","11,314",244,"93,674","11,551","11,141","9,734",126,"14,762","6,715","5,449","3,905",342,"119,312","25,788","22,129","14,447",445,"152,460","52,190","28,171","18,977",65,"36,825","11,048","7,209","10,996",77,"11,941","5,315","4,616","3,744",123,"27,037","8,398","4,984","3,995",60,"27,109","6,957","5,157","3,392",430,"14,001","5,049",117,"43,593","11,215",118,"43,884","11,221",98,"2,290","1,006",237,"5,252","1,459",48,917,335,55,175,241,159,"2,024","1,090",115,"7,209","1,961",476,"14,940","3,991",174,"7,511","3,224",174,"16,580","5,285",264,"21,402","9,085",382,"22,841","10,031",100,"16,565","4,087",85,"12,720","2,533",215,"2,533",786,142,"10,322","5,134",658,"36,556","25,797",75,"8,962","4,878",77,"6,390","2,570",380,"21,644","13,551",249,"12,068","3,310",12,"3,020","1,082",93,"7,439","2,763",88,"4,272","1,949",157,"4,465","1,391"
North Dakota ,117,"214,720","23,297","20,507","10,391",38,"101,774","18,738","18,738","12,889",35,"116,762","15,502","15,297","14,473",80,"283,891","55,989","55,586","39,285",71,"204,475","44,627","43,767","32,593",43,"184,061","44,291","44,211","34,375",14,"53,178","11,388","11,308","11,331",31,"41,252","3,691","3,581","1,671",54,"193,788","28,007","28,007","20,821",201,"31,843","12,517",118,"58,868","33,436",50,"22,368","13,886",131,"62,901","32,151",104,"55,399","29,564",91,"81,783","45,604",50,"39,840","20,830",6,"2,884","2,994",33,"6,320","2,567",113,"44,528","28,948",29,"15,953","9,266",61,"26,989","16,549",112,"41,778","25,010",64,"23,776","12,953",42,"30,700","21,224",38,"16,429",NULL,34,"14,385","8,085",37,"21,548","11,234",124,"43,933","35,509",16,"7,836","6,423",44,"11,359","9,486",136,"41,082","34,436",77,"34,768","25,733",47,"17,667","14,242",37,"9,038","7,757",55,"12,823","9,388",42,"14,271","11,701"
Ohio ,303,"51,700","8,293","6,342","2,798",118,"28,243","10,290","6,937","12,137",55,"12,207","5,705","4,962","4,605",147,"46,417","12,648","12,171","9,223",206,"10,761","3,735","2,563","1,328",2,NULL,NULL,NULL,NULL,24,"2,808","1,296","1,296",720,210,"8,238","3,398","3,338","2,181",101,"21,253","5,974","5,537","2,779",475,"8,679","3,190",73,332,137,42,384,271,154,"4,352","2,027",221,"5,629","1,612",62,528,337,53,121,154,127,970,523,90,"1,740","2,525",350,"9,860","6,983",117,"2,762","1,532",75,"5,168","3,417",126,"4,021","1,937",227,"4,306","2,718",50,"5,138","2,100",44,"2,368","1,213",80,"1,018",348,111,"2,484","2,762",182,"10,252","4,187",24,"1,633",585,9,"1,724",549,52,"2,860","1,537",48,"2,035","1,264",4,"2,020","1,015",10,"1,669",619,30,"1,627",666,8,960,587
Oklahoma ,408,"733,759","103,509","93,667","85,257",183,"280,371","65,342","53,095","69,827",57,"32,728","26,290","18,799","34,011",196,"574,887","124,972","109,211","189,369",311,"607,322","46,406","44,698","52,344",113,"464,144","95,631","92,931","165,791",91,"82,709","25,038","23,238","28,579",106,"690,694","98,891","97,891","89,642",124,"130,926","30,909","30,619","39,590",337,"37,319","40,039",90,"44,531","51,142",106,"30,449","37,810",223,"57,965","64,678",175,"82,403","86,564",56,"62,237","72,346",78,959,232,104,"32,147","48,614",107,"34,772","48,311",354,"36,281","42,964",212,"43,821","58,667",191,"37,434","45,664",261,"73,974","95,612",287,"50,980","57,793",112,"52,935","61,644",196,"49,330","59,950",122,"11,596","11,846",150,"34,026","45,569",404,"74,561","90,934",98,"24,095","28,401",13,"7,684","11,208",250,"43,227","47,770",125,"68,290","76,222",33,"16,981","18,240",38,"36,964","37,916",19,"8,824","21,345",118,"66,628","62,381"
Oregon ,"2,193","1,229,893","174,002","115,008","153,503",842,"317,597","149,824","118,516","211,656",963,"527,147","139,980","120,632","199,536","2,141","1,986,273","396,765","302,580","512,073","2,346","2,169,594","351,363","299,299","481,519",384,"592,852","159,985","132,043","216,876","1,931","1,046,815","341,603","282,954","478,291",908,"251,743","75,465","60,537","108,169",800,"325,094","140,634","114,225","196,339","2,639","157,924","271,091",712,"144,824","258,726","1,088","174,415","306,788","2,078","363,037","660,777","2,637","297,045","513,968",343,"131,685","209,942","1,085","207,550","351,035","1,006","63,016","101,427",629,"66,583","121,472","2,610","257,338","484,683",474,"113,782","201,728","1,160","208,042","409,121","1,851","362,511","736,387","2,366","297,210","563,396",422,"180,923","360,342",807,"247,718","500,833",960,"79,041","152,914",518,"131,284","207,607","1,836","186,459","350,911",560,"82,220","140,296","1,048","120,228","207,203","3,060","333,023","581,205","4,346","302,999","545,999",391,"125,098","226,402","1,051","136,992","252,787",824,"45,517","78,612",135,"71,796","149,643"
Pennsylvania ,690,"64,982","12,090","7,045","4,292",99,"8,337","2,583",894,300,56,"11,631","4,071","2,726","1,275",146,"22,900","6,224","4,555","3,708",259,"33,651","7,056","4,954","4,400",4,NULL,112,72,28,25,"4,080",NULL,NULL,589,112,"17,023","1,433",994,510,95,"3,609","1,271","1,100",787,828,"22,728","33,143",125,"1,092",200,61,891,60,210,"2,132",NULL,239,"2,013",446,26,NULL,16,47,248,58,253,"1,148",503,31,223,87,614,"6,238","2,648",173,"3,145","1,406",182,"2,908","1,332",245,NULL,"1,769",401,"4,608","2,059",100,"1,991","1,233",94,"1,011",628,216,"1,418",996,167,"2,532","1,068",490,"6,619","7,408",115,961,605,104,692,489,64,"2,045",874,74,"1,172",772,0,0,0,13,610,208,131,"1,458",565,49,323,124
Rhode Island ,41,627,126,108,81,3,64,NULL,NULL,NULL,8,127,NULL,92,77,29,"1,126",533,507,488,36,"1,215",663,499,451,5,376,376,376,NULL,11,220,49,47,53,26,774,113,111,81,14,626,61,31,25,45,266,154,5,800,60,10,855,86,53,168,106,41,279,NULL,9,36,16,4,4,NULL,26,852,81,37,73,49,47,"1,692","1,136",21,726,637,25,36,31,56,113,68,90,254,253,22,44,25,0,0,0,26,85,56,47,80,68,20,212,60,0,0,0,0,0,0,9,14,10,9,14,10,0,0,0,0,0,0,5,5,25,0,0,0
South Carolina ,394,"292,857","37,679","35,960","16,021",65,"59,914","19,236","17,545","18,731",36,"28,687","14,302","14,301","13,774",99,"126,752","29,890","29,384","30,385",303,"26,283","14,287","9,732","8,658",13,"37,500","14,678","10,778","10,060",27,"6,684","6,324","2,424","1,518",110,"38,645","18,857","14,957","11,673",71,"62,468","19,038","18,532","20,046",240,"19,407","15,642",61,"12,898","13,949",73,"14,983","15,095",141,"42,441","31,683",215,"45,178","34,169",43,"47,422","34,948",1,NULL,NULL,125,"45,843","37,443",58,"21,194","12,885",174,"13,233","5,514",53,NULL,"1,802",51,"6,755","2,979",170,"18,190","7,938",185,"17,748","9,959",57,"10,394","4,968",36,"6,673","2,450",85,"8,096","4,774",72,"1,995","1,217",334,"32,054","26,545",175,"6,133","5,017",29,"4,252","1,846",73,"16,212","18,092",245,"5,342",NULL,1,NULL,NULL,31,"2,270","1,688",68,"6,480","7,365",13,"5,808","3,943"
South Dakota ,278,"421,625","52,576","51,838","38,152",76,"187,480","33,449","33,353","27,992",163,"251,287","79,629","71,779","51,707",268,"336,280","86,014","78,130","50,186",173,"105,050","20,161","20,161","13,332",151,"161,568","54,072","46,242","35,558",35,"33,146","4,174","4,174","5,206",166,"150,568","43,237","43,141","27,908",126,"703,952","40,873","32,947","18,803",116,"33,183","29,368",32,"34,735","21,368",92,"31,982","51,649",144,"29,533","29,009",125,"30,775","27,623",88,"21,802","12,034",0,0,0,43,"13,247","11,966",26,"13,708","5,208",239,"51,883","42,129",83,"23,685",NULL,125,"23,662","26,889",86,"39,925","38,510",106,"28,166","29,897",40,"16,267","13,061",53,"21,567","16,916",58,"17,450","13,325",110,"30,241","22,221",300,"55,908","39,652",62,"13,419","10,586",160,"32,392","25,089",253,"54,014","40,513",188,"65,585","59,027",21,"6,619","4,767",62,"13,270","10,850",48,"15,095","13,103",36,"26,620","5,103"
Tennessee ,306,"143,881","19,009","16,004","7,227",139,"83,656","19,126","18,351","18,060",62,"45,914","13,280","12,140","3,648",108,"107,968","30,414","30,024","12,206",229,"143,727","34,961","32,210","13,209",15,"56,152","20,105","20,105","6,865",17,"3,196",17,17,12,113,"45,477","10,707","10,665","2,938",80,"67,491","16,445","16,394","6,545",214,"17,902","6,652",57,"11,440","11,094",44,"2,596","2,342",121,"23,968","12,706",143,"12,745","11,959",1,NULL,NULL,37,NULL,NULL,42,"4,997",948,59,NULL,"2,679",235,"24,355","8,694",96,"20,515","8,174",89,"22,614","8,329",102,"34,484","21,661",162,"18,543","8,069",44,"35,299","22,929",43,"11,962","5,326",67,"21,856","8,656",79,"18,938","7,543",202,"32,912","19,631",33,"6,713","4,218",56,"2,951","2,564",81,"11,466","7,103",50,"3,494","1,342",15,"3,218","1,922",10,743,326,35,558,353,38,"9,527","5,654"
Texas ,"1,636","2,154,995","333,590","315,714","387,584","1,185","1,139,780","581,977","501,057","627,255",863,"1,381,439","366,033","312,632","312,876","1,557","2,967,325","1,028,093","912,700","1,251,209","1,963","2,868,116","849,085","770,358","929,664",449,"3,356,789","501,850","401,207","481,235","2,402","4,475,153","1,379,034","1,246,421","1,444,161",761,"499,996","246,609","229,636","258,721",777,"682,150","369,701","264,811","363,626","2,348","440,900","562,951","1,078","404,366","444,601",772,"266,393","311,769","1,515","695,289","817,175","1,616","539,250","667,237",551,"564,761","751,095","1,164","657,838","681,380",712,"187,584","272,838","1,040","438,723","574,960","2,488","590,190","727,190","1,763","651,266","931,655","2,048","548,310","684,665","2,154","909,894","1,133,898","2,664","714,552","881,917",999,"601,058","853,040","3,504","1,386,799","1,642,155","1,036","295,107","368,525",839,"348,483","421,065","3,185","829,796","1,085,918",390,"209,434","277,796",245,"132,402","226,766","2,415","517,013","703,761","2,273","625,830","832,449",831,"423,777","587,635","1,974","524,780","617,288","1,549","387,366","478,210","1,065","235,826","248,960"
Utah ,"1,713","282,061","79,272","77,724","187,023",674,"709,454","106,707","105,014","253,493","1,037","739,909","147,966","142,691","273,388","1,640","731,522","179,895","176,655","440,848","2,704","1,243,323","368,061","354,284","751,324",354,"44,297","30,707","27,335","46,006","1,379","330,674","117,865","106,673","183,455",850,"59,569","35,944","33,772","49,684",548,"375,116","58,041","56,409","139,710","2,205","190,606","335,038",833,"158,779","288,637",770,"160,925","320,007","1,496","221,167","433,299","2,697","249,852","456,808",470,"107,244","197,459","1,905","306,745","590,467","1,087","82,313","160,736",613,"93,516","144,465","1,976","137,417","283,677",956,"68,094","132,554","1,045","150,710","295,993","1,865","230,836","489,343","2,015","272,415","593,577",602,"105,029","213,739","1,768","151,101","285,915","1,011","68,000","129,993",662,"66,399","124,996","2,888","192,159","437,377",698,"68,245","161,706","1,017","75,970","152,448","1,467","151,142","345,289","3,058","197,579","421,784",384,"43,287","85,275","1,231","89,954","192,950","1,070","66,917","141,856",900,"47,143","121,981"
Vermont ,153,"10,204",592,388,301,9,"2,259",NULL,NULL,NULL,23,"3,681",336,247,205,40,"4,223",585,175,158,80,"4,761",575,253,177,6,NULL,NULL,NULL,11,14,585,NULL,14,3,29,"1,061",89,55,22,49,"2,607",189,118,59,151,436,245,37,120,61,4,74,47,40,651,484,80,614,248,7,62,NULL,17,82,57,14,151,69,31,92,NULL,93,414,234,18,34,18,60,103,83,48,214,168,90,257,175,30,151,130,22,47,22,67,231,207,41,272,94,20,89,9,2,NULL,NULL,0,0,0,4,4,5,17,127,115,0,0,0,0,0,0,0,0,0,5,140,46
Virginia ,211,"47,362","8,192","6,502","2,928",63,"35,320","6,340","6,084","3,764",81,"34,206","7,069","4,344","3,432",166,"68,911","11,880","8,070","3,839",260,"42,833","8,892","4,472","2,515",26,"14,134","4,137","1,435",530,65,"16,309","3,331","1,839",675,68,"44,650","7,096","2,930",824,130,"55,723","16,148","9,615","5,565",360,"9,731","2,972",56,"1,188",142,68,"2,565",924,222,"9,069","1,956",147,"9,620","2,712",33,"3,490",473,37,"3,606","1,035",151,"2,714",963,88,"2,686",388,315,"4,923","3,321",76,"1,127",942,100,"9,151","3,346",178,"9,070","4,701",246,"5,039","2,254",53,"6,274","1,900",49,"2,147",948,170,"3,039","2,046",90,"1,700","1,881",155,"9,618","4,792",38,"4,360","2,266",74,"5,703","2,561",108,"7,833","3,414",233,"8,620","3,588",16,"2,362",817,5,"1,614",747,26,"2,837","1,413",8,160,96
Washington ,"1,829","258,171","119,010","110,845","210,499",708,"312,571","176,593","171,067","334,831",982,"981,212","154,015","147,439","296,955","1,541","1,097,084","345,868","327,890","707,601","1,774","404,919","239,349","230,099","515,180",320,"520,467","233,871","221,099","443,720",604,"157,329","100,130","96,794","163,436",783,"142,650","87,107","85,769","164,553",596,"104,606","77,490","76,926","147,543","1,963","179,274","410,327",951,"238,878","443,317",968,"252,992","541,581","1,670","452,737","1,008,022","1,823","301,123","621,329",327,"144,581","304,474",626,"115,262","242,183",842,"136,879","305,594",496,"126,419","262,863","2,783","240,333","568,680",431,"173,534","422,170",877,"193,776","464,425","1,558","428,357","930,513","1,788","267,275","579,384",619,"205,593","446,307",921,"136,085","325,245","1,162","123,077","256,206",699,"131,761","309,053","1,481","181,179","355,518","1,461","72,797","158,883","1,231","84,239","213,984",652,"155,576","358,579","2,018","221,858","407,448",336,"79,637","171,800",64,"50,438","97,702","1,575","110,204","185,886","1,996","108,148","253,001"
West Virginia ,81,"10,788",424,364,167,6,522,261,261,153,19,NULL,38,38,38,29,"1,354",546,354,72,73,"1,006",420,420,214,9,321,153,153,64,10,NULL,40,22,10,0,0,0,0,0,65,"3,779",222,222,96,73,115,46,63,95,60,5,8,NULL,3,NULL,3,45,62,27,3,15,6,39,NULL,20,67,130,45,45,NULL,21,65,526,348,14,127,57,9,117,53,7,115,60,48,232,121,4,112,51,4,112,51,25,169,88,21,291,157,30,371,NULL,15,NULL,NULL,2,NULL,NULL,28,NULL,NULL,21,114,28,0,0,0,12,155,142,18,NULL,NULL,11,271,30
Wisconsin ,496,"289,255","73,750","56,800","36,551",109,"114,086","42,555","40,066","28,852",135,"68,504","30,716","29,630","20,073",329,"272,259","113,702","103,900","140,061",438,"236,586","99,517","94,475","81,777",102,"147,762","67,184","64,808","48,631",84,"17,470","1,200","1,016","2,468",86,"28,680","9,950","8,146","7,041",87,"41,702","12,601","12,232","6,156",538,"53,318","19,971",198,"70,188","45,842",146,"53,093","26,726",284,"114,889","66,693",260,"94,055","47,963",66,"87,721","61,537",21,"8,001","5,317",148,"27,289","13,206",70,"41,118","31,913",475,"50,143","43,505",228,"77,165","72,059",203,"48,084","41,305",326,"107,531","82,339",433,"65,545","45,493",96,"54,828","43,244",95,"39,024","32,400",212,"13,540","6,670",192,"30,086","41,167",298,"49,359","29,957",102,"24,105","23,804",55,"8,766","5,812",259,"35,600","21,985",175,"34,305","26,356",69,"11,401","5,742",11,"1,956","1,096",120,"10,002","5,047",17,"4,285","1,804"
Wyoming ,659,"1,850,360","128,030","126,655","212,277",208,"681,240","115,279","106,736","151,245",418,"2,041,722","159,630","149,148","242,428",726,"1,922,745","281,301","265,239","412,267","1,083","2,959,338","291,559","279,957","418,412",215,"1,075,131","104,652","102,442","194,778",660,"1,932,718","161,408","152,442","197,269",240,"141,798","42,120","35,088","99,159",340,"308,706","73,728","70,290","89,726",787,"206,760","352,341",405,"214,946","293,434",762,"186,689","272,471",884,"276,943","489,889","1,043","336,089","506,013",226,"134,198","195,909",406,"154,377","143,051",313,"34,941","70,727",422,"152,083","189,257","1,071","313,096","454,048",319,"115,699","179,608",660,"199,487","353,177",716,"265,830","354,539",883,"201,986","333,187",185,"98,406","208,238",471,"239,035","374,885",256,"83,228","134,319",215,"81,052","150,115","1,467","293,281","603,643",472,"93,501","165,925",478,"131,347","248,585","1,076","228,206","434,584","1,210","289,386","577,495",82,"25,796","50,084","1,107","180,440","372,392",254,"69,364","103,121",61,"29,678","83,102"
Region 01 New England ,875,"71,949","10,249","7,109","4,029",124,"17,609","5,093","3,255","2,422",176,"11,140","4,409","2,590","1,441",422,"37,982","9,123","4,380","3,251",703,"71,852","12,090","9,983","5,306",61,"3,079","2,367","1,489","1,964",91,"4,975","1,574","1,480",721,230,"8,058","2,204","1,598","1,278",227,"27,828","5,980","3,565","1,051",841,"5,822","2,636",123,"2,932","1,012",165,"3,326",908,478,"4,172","2,195",607,"13,074","6,017",60,"6,114","2,441",89,"1,964",477,322,"1,327",380,179,"1,671",797,908,"11,947","6,502",191,"4,881","3,951",235,"9,169","4,005",400,"10,735","6,817",729,"8,447","6,740",176,"1,167",898,149,"2,096","3,011",381,"2,049","3,523",250,"4,276","1,563",335,"5,439","2,776",120,"1,315",708,62,856,NULL,236,"5,644","2,386",131,"2,411","1,056",16,359,262,58,945,261,95,634,182,63,"3,345","1,118"
Region 02 Mid Atlantic ,"1,651","245,757","69,455","61,177","34,798",378,"114,774","38,352","33,813","21,428",391,"93,322","29,956","28,143","18,416",676,"224,613","80,099","74,741","41,764","1,095","170,402","56,232","46,871","29,711",104,"70,406","29,707","26,399","13,530",154,"58,255","21,502","19,675","7,422",506,"125,433","43,827","32,244","15,783",436,"79,867","38,200","37,170","17,760","1,922","96,822","69,546",568,"45,987","18,901",482,"47,339","26,097",885,"85,259","37,335",826,"89,357","40,579",170,"39,549","19,219",154,"19,917","7,566",692,"28,614","12,971",353,"26,635","12,918","1,633","53,220","27,962",434,"37,046",NULL,539,"45,898","20,655",822,"75,394","41,436","1,246","47,453","28,012",276,"32,065","15,410",233,"19,307","11,804",655,"17,417","8,558",441,"26,500","15,651","1,060","57,056","38,300",298,"28,082","18,879",242,"14,696","9,133",360,"32,753","21,192",414,"27,504","18,619",59,"9,268","5,628",102,"11,552","8,078",300,"31,856","19,686",205,"12,744","9,281"
Region 03 South Atlantic Gulf ,"3,892","1,504,639","303,046","293,922","222,441","1,593","617,859","284,499","245,161","260,942",969,"429,286","207,110","153,602","132,397","2,069","1,553,809","509,648","471,027","435,654","2,913","661,802","287,062","236,657","215,912",413,"441,405","209,119","195,886","172,918",641,"407,369","142,609","132,722","109,370","1,366","275,917","121,027","110,811","125,989","1,062","786,167","342,763","297,744","448,378","3,186","253,274","209,710","1,032","176,077","107,645",798,"126,558","83,211","1,550","253,373","233,142","1,977","220,174","161,837",382,"186,737","146,783",498,"133,013","84,301","1,269","90,115","70,928",746,"94,743","64,289","3,473","384,682","277,044","1,173","172,024","124,674","1,250","238,383","145,857","1,854","396,616","248,370","2,783","336,230","232,314",684,"235,490","145,035",790,"172,460","105,633","1,437","180,208","127,094","1,096","183,967","123,216","3,084","313,300","319,983","1,063","104,079","108,500",974,"82,955","125,491","1,716","303,817","261,981","2,160","236,209","197,375",202,"57,830","50,232",442,"53,094","40,208",870,"69,031","68,364","1,252","243,604","314,415"
Region 04 Great Lakes ,"1,864","452,573","112,573","96,290","54,951",655,"405,326","160,574","142,763","90,480",171,"213,178","94,805","85,972","61,994","1,002","789,792","287,488","261,914","164,338","1,038","266,736","95,562","88,445","48,809",155,"325,319","129,403","124,867","85,556",180,"46,718","20,836","19,772","13,056",714,"264,106","164,794","145,037","73,453",472,"264,005","128,696","124,227","96,094","1,471","121,210","59,400",661,"110,672","69,881",320,"72,060","47,398",895,"265,069","137,015",894,"144,945","98,673",160,"97,162","58,898",55,"37,391","31,844",551,"48,047","20,410",463,"107,896","69,634","1,331","84,424","48,323",526,"95,483","60,745",471,"87,316","43,977",730,"143,737","75,816",945,"75,825","41,681",240,"82,193","45,965",223,"47,377","27,451",582,"39,762","18,746",420,"60,373","36,054",860,"114,148","58,397",301,"45,143","25,143",140,"31,313","15,100",477,"90,884","42,014",471,"55,027","29,321",73,"19,821","11,612",49,"13,806","7,030",138,"22,205","10,487",180,"43,198","24,843"
Region 05 Ohio ,"1,267","479,068","58,546","49,631","18,189",323,"307,081","58,498","58,051","36,041",214,"108,903","27,086","26,563","16,692",494,"367,816","78,899","68,578","35,211",670,"152,350","26,101","21,392","11,259",151,"326,920","64,744","61,763","26,015",104,"75,622","7,169","6,736","2,177",432,"114,987","32,229","31,510","17,335",353,"122,264","39,452","35,504","36,246","1,122","46,696","15,506",407,"84,550","51,279",193,"47,580","30,872",514,"123,140","58,177",582,"66,605","24,339",141,"50,452","31,324",161,429,307,329,"8,604","3,715",313,"31,865","23,249",908,"66,997","33,640",307,"27,884","16,674",258,"46,346","25,727",397,"48,524",NULL,529,"20,868","13,246",153,"45,604","23,351",147,"14,284",NULL,322,"25,762","12,808",319,"21,313","10,894",763,"102,782","48,600",245,"40,002","18,078",139,"20,676","9,318",378,"57,396","22,825",293,"22,869","10,899",88,"30,279","9,470",64,"5,486","3,373",160,"12,036","5,776",85,"26,244","15,376"
Region 06 Tennessee ,188,"50,245","12,001","8,995","4,043",181,"59,988","11,988","11,793","17,037",98,NULL,"12,017","11,847","4,030",160,"92,998","33,244","31,105","15,372",299,"32,161","5,275","4,584","1,750",48,"111,470",NULL,NULL,NULL,45,"35,995","6,040","6,040","1,835",97,"19,298","6,138",NULL,NULL,129,"4,848",552,492,147,216,"6,281","2,786",73,"12,235","13,159",32,"2,692",NULL,71,NULL,NULL,202,"9,206","11,651",41,NULL,NULL,30,"6,367","4,865",57,316,114,145,554,344,233,"4,925","1,924",71,"2,968","2,492",76,"7,597","4,117",88,NULL,"1,977",173,"3,855","1,831",27,"4,735","1,600",36,"3,863","2,926",89,"1,844",734,58,"3,430","2,053",163,"7,106",NULL,26,NULL,NULL,48,"2,863","2,564",80,NULL,NULL,52,"5,587",NULL,17,NULL,NULL,16,421,162,28,NULL,NULL,32,"3,119","1,611"
Region 07 Upper Mississippi ,"1,443","1,232,192","285,023","265,609","156,305",605,"522,747","222,105","217,700","156,880",430,"370,228","146,179","142,125","92,768","1,012","941,504","373,859","361,450","298,429","1,129","550,775","217,063","209,582","168,636",257,"415,396","183,708","181,318","104,245",180,"110,428","27,071","25,867","19,262",401,"187,274","64,459","60,986","45,159",415,"261,451","112,348","109,488","75,911","1,438","200,924","95,600",600,"184,526","122,943",353,"111,146","54,563",767,"273,756","170,919",789,"200,079","116,613",396,"225,390","147,766",60,"23,168","12,924",346,"60,640","37,085",407,"124,038","87,038","1,527","200,943","140,547",592,"162,639","132,806",549,"136,341","98,516",861,"250,342","181,724",963,"148,480","102,654",311,"152,115","105,419",272,"73,957","53,185",519,"90,089","57,981",371,"87,424","81,765",916,"200,893","109,886",278,"88,215","54,646",198,"47,601","25,609",725,"164,121","88,680",388,"87,692","50,699",205,"55,648","27,686",57,"15,565","6,951",335,"51,312","22,359",223,"48,098","28,465"
Region 08 Lower Mississippi ,868,"1,596,179","1,253,558","1,160,318","1,293,194",656,"987,283","786,933","765,355","763,815",427,"775,714","606,162","586,600","558,375",945,"1,835,112","1,487,050","1,437,878","1,385,474","1,022","1,680,007","1,304,137","1,245,899","1,266,526",978,"2,194,533","1,718,908","1,645,143","1,738,037",199,"262,290","232,554","222,109","252,232",325,"496,927","394,551","389,953","398,230",580,"1,283,940","1,076,320","1,053,209","1,080,493","1,003","1,022,772","1,022,735",632,"738,278","735,031",628,"990,622","1,068,588",983,"1,391,507","1,457,005","1,085","1,195,170","1,253,891",961,"1,736,086","1,771,241",147,"223,764","221,282",468,"473,979","401,290",449,"636,922","638,155","1,656","1,471,623","1,732,794",623,"662,526","711,765",898,"986,581","1,188,122","1,143","1,286,698","1,470,847","1,312","1,132,902","1,331,250","1,177","1,674,274","2,123,137",423,"625,825","736,030",730,"543,655","612,008",661,"646,853","743,686","1,617","990,604","1,355,874",622,"564,449","724,912",433,"362,514","550,714","1,054","1,031,443","1,624,563","1,157","1,001,060","1,607,760",967,"1,019,553","1,656,606",269,"237,277","352,403",496,"332,242","562,857",198,"188,929","331,992"
Region 09 Souris Red Rainy ,81,"114,951","19,702","17,577","11,823",13,"39,599","9,927","9,927","7,139",23,"51,044","4,443","4,443",NULL,61,"149,557","29,181","29,181","19,070",30,"71,305","19,068","18,968","11,959",18,"119,668","22,540","22,540","15,190",16,"14,384","9,280","9,280","3,088",34,"14,770","9,362","9,362","3,126",35,"92,818","25,921","25,921","20,895",61,"13,417","4,624",56,"46,746","24,606",36,"23,458","11,304",152,"91,774","52,057",121,"48,703","21,456",63,"62,790","29,966",34,"34,340","18,888",58,"33,731","18,854",36,"36,487","17,648",128,"24,512","13,100",45,NULL,"4,099",72,"20,314","11,106",78,"20,316","10,959",82,"16,194","8,432",55,"18,292","9,271",45,"8,146","3,410",49,"9,540","4,777",78,"17,339","10,139",80,"21,809","12,699",10,"4,732","3,107",20,"3,786",NULL,54,"22,736","15,274",36,"17,303","11,080",23,"5,966","3,969",6,"3,220","2,212",24,"4,461","3,432",35,"12,074","8,036"
Region 10 Missouri ,"4,004","7,024,978","954,945","922,133","926,661","2,592","6,640,623","1,697,374","1,632,812","1,639,901","2,590","6,188,344","1,047,843","1,013,079","1,150,828","5,103","11,866,575","2,610,078","2,533,696","2,557,327","5,347","12,040,200","1,916,543","1,857,732","2,077,733","2,162","5,825,875","2,020,684","1,971,466","2,189,684","2,708","9,581,140","1,290,157","1,228,271","1,307,705","1,727","1,967,587","487,736","465,026","560,209","1,647","5,429,964","640,407","619,394","698,534","4,920","1,483,314","1,267,257","2,223","1,251,187","1,094,369","2,735","1,151,454","1,157,893","5,209","2,706,306","2,415,077","5,308","2,175,814","1,953,907","2,224","1,694,761","1,445,603","2,136","855,079","797,923","1,904","549,224","494,208","1,618","735,051","676,340","5,500","1,885,132","2,024,945","1,745","1,086,610","1,300,766","3,363","1,614,992","1,898,868","5,747","2,920,338","3,315,381","4,243","1,660,210","1,909,154","2,561","1,753,432","2,026,552","4,337","1,966,077","2,179,087","1,919","820,923","904,324","1,934","1,021,266","1,182,581","6,173","1,599,090","1,962,618","2,660","989,152","1,099,654","3,430","1,007,623","1,060,100","5,389","1,824,039","2,001,163","4,254","1,307,704","1,529,909","1,542","994,227","898,893","2,694","867,500","867,325","2,668","677,688","722,131","1,452","616,724","614,576"
Region 11 Arkansas White Red ,"1,442","2,214,272","432,636","408,535","520,234",853,"1,636,520","491,302","461,011","585,859",683,"1,281,294","451,996","413,480","447,543","1,483","3,651,203","1,322,599","1,241,001","1,683,554","1,825","3,369,766","848,087","805,899","1,029,298",661,"2,093,904","757,833","689,109","825,803","1,727","3,963,291","1,075,381","981,525","1,267,121",504,"1,355,236","241,721","232,962","261,858",543,"828,065","390,047","321,169","349,721","1,302","494,075","622,928",897,"550,797","676,388",768,"419,583","472,677","1,296","894,828","1,078,538","1,624","783,488","886,354",616,"807,013","927,381","1,599","714,900","824,696",564,"290,492","361,940",595,"391,901","483,150","1,873","635,932","824,040","1,544","721,181","940,901",901,"485,745","653,642","1,926","972,960","1,266,831","1,800","655,204","826,556",730,"682,045","912,498","2,053","1,109,687","1,461,009",691,"309,092","378,038",763,"436,559","571,442","1,831","812,593","1,162,078",674,"386,855","622,544",341,"223,861","334,620","1,694","671,646","944,504","1,525","561,407","771,151",554,"480,823","664,400","1,152","544,050","697,952",495,"190,475","247,938",742,"337,092","357,434"
Region 12 Texas Gulf ,"1,389","1,888,751","253,828","237,954","269,997","1,002","908,930","490,813","418,681","495,006",577,"900,571","252,407","217,114","202,953","1,263","2,133,653","597,887","527,834","638,870","1,576","1,780,185","537,126","475,697","472,640",278,"618,992","284,687","248,960","265,533","1,847","3,005,027","970,100","888,422","980,650",690,"437,503","219,934","211,057","215,948",608,"355,468","192,797","136,396","222,449","2,066","286,739","329,936",908,"286,647","293,289",691,"192,620","214,857","1,221","471,078","534,846","1,476","417,674","471,231",429,"375,138","490,337",998,"466,728","428,370",610,"128,614","189,199",890,"370,558","504,319","2,340","478,550","535,704","1,525","473,722","640,635","1,922","468,906","554,830","1,787","647,072","782,499","2,379","505,967","601,752",870,"471,304","656,204","2,972","1,060,631","1,209,768",827,"201,966","255,660",619,"205,325","227,747","2,886","576,715","700,732",278,"107,688","129,390",204,"89,502","164,590","1,920","314,557","425,248","1,878","384,796","518,724",704,"268,491","367,862","1,542","369,670","461,936","1,334","298,880","358,488","1,012","135,811","141,917"
Region 13 Rio Grande ,748,"477,221","38,966","38,476","65,046",580,"57,079","48,213","46,246","77,782",688,"282,170","93,114","88,689","167,705",697,"322,078","128,679","124,944","285,484","1,469","500,081","231,768","198,111","356,418",330,"2,580,240","112,410","87,121","190,643","2,026","531,206","255,138","248,263","468,019",514,"202,652","38,816","27,961","60,494",424,"103,007","36,166","34,626","52,000","1,277","55,851","123,826",874,"94,617","254,849",658,"35,057","116,031",709,"100,782","198,532","1,264","89,877","211,931",98,"26,352","99,715","1,658","113,555","268,110",408,"11,203","29,719",338,"13,889","24,088","1,139","156,223","321,822","1,057","106,263","249,574",903,"94,742","150,217","1,449","124,032","246,581","1,508","133,255","276,859",200,"56,263","103,457","2,823","216,043","379,661",381,"68,796","87,624","1,194","55,390","98,781","2,319","159,375","358,101",251,"45,870","91,862",442,"34,005","74,112","1,680","147,390","278,954","2,643","200,677","350,963",91,"49,314","149,807","1,846","154,866","213,820",956,"49,741","115,752",126,"63,846","135,856"
Region 14 Upper Colorado ,"1,892","369,403","139,177","135,786","247,684",613,"769,074","114,564","112,124","195,846",815,"466,043","132,069","125,518","184,658","1,466","1,151,683","200,885","180,294","294,491","2,459","1,743,670","300,955","290,194","464,867",52,"159,992","31,722","31,722","44,560","1,541","1,174,654","225,233","212,781","326,009",484,"328,525","61,555","39,701","56,945",682,"646,125","76,263","73,701","115,859","2,230","191,998","302,573",899,"164,638","287,476","1,006","143,229","208,678","1,499","155,426","212,410","2,538","218,688","321,358",339,"94,850","120,518","2,035","323,295","486,952",642,"32,788","51,613",668,"136,529","142,828","1,899","187,789","299,911",689,"98,354","160,699",700,"159,911","299,701","1,567","204,480","422,435","2,043","246,294","551,170",547,"92,297","171,169","2,027","246,364","412,409",502,"90,356","210,873",949,"158,250","381,813","3,037","331,742","528,225",303,"76,946","124,356",637,"105,049","220,162",921,"189,062","322,578","1,992","318,493","485,701",131,"54,147","69,983",540,"111,251","239,032",263,"52,896","79,563","2,053","96,907","146,662"
Region 15 Lower Colorado ,473,"111,683","70,191","60,187","275,388",263,"313,635","175,555","162,992","673,611",335,"230,376","174,219","164,186","687,758",495,"332,918","222,446","187,494","864,069",724,"493,515","225,433","196,637","875,503",220,"333,301","261,333","230,344","994,074",493,"230,959","158,244","123,856","455,667",315,"1,641,529","116,494","104,300","455,505",108,"285,045","71,476","69,070","251,302",674,"111,515","628,232",174,"136,256","679,340",198,"123,034","488,325",375,"135,156","663,561",462,"210,888","1,069,602",141,"207,399","1,128,373",373,"145,701","660,491",309,"116,385","631,776",223,"103,998","574,713","1,485","99,019","325,507",379,"86,958","357,691",493,"109,201","528,580",729,"146,757","669,166","1,166","127,832","539,347",380,"195,427","929,550",554,"135,580","539,924",484,"102,761","536,764",224,"35,367","151,036","1,094","145,436","701,413",336,"45,669","199,323",276,"55,610","292,409",145,"79,884","429,434",936,"108,875","555,523",142,"110,289","608,012",425,"41,606","216,746",356,"36,544","202,000",554,"67,016","328,217"
Region 16 Great Basin ,"1,646","874,565","197,967","187,801","529,734",575,"253,560","97,559","96,238","252,325","1,026","959,520","184,165","178,717","372,103","1,799","1,147,871","387,365","383,419","1,063,458","2,723","1,760,115","499,179","481,840","1,155,813",392,"165,844","83,739","79,922","190,533","1,283","358,481","119,436","108,472","232,285",865,"95,201","64,688","59,010","140,002",472,"412,617","81,029","79,417","238,295","1,860","214,403","448,755",727,"204,556","435,872",866,"256,314","585,124","1,389","347,703","777,064","2,387","330,242","710,620",488,"137,311","261,991","1,683","424,599","938,041","1,083","107,336","194,570",577,"165,124","341,618","1,448","184,228","424,373",920,"138,416","358,074",831,"253,345","568,606","1,717","318,602","731,025","1,978","371,904","825,744",473,"153,573","363,427","2,414","288,902","663,510","1,287","110,536","242,760",522,"87,966","210,003","2,315","216,181","499,365",949,"122,758","228,458","1,094","142,379","254,685","1,705","219,915","421,896","2,710","279,780","572,839",321,"62,147","117,648","1,703","134,588","310,546","1,054","79,006","227,473",573,"38,417","94,765"
Region 17 Pacific Northwest ,"6,458","2,114,440","611,989","543,281","821,375","2,497","1,740,304","863,355","818,734","1,493,838","3,003","2,087,745","671,086","629,628","1,129,907","5,589","4,760,094","1,546,574","1,413,291","2,584,802","6,785","4,241,737","1,115,571","1,046,900","1,864,139","1,219","1,924,155","902,235","852,933","1,623,755","3,725","2,087,037","786,177","723,104","1,216,656","2,661","1,124,806","370,856","352,530","618,326","2,234","864,417","390,090","367,043","630,418","7,816","702,406","1,362,196","2,300","741,799","1,361,404","3,433","844,925","1,567,284","6,502","1,758,955","3,450,757","7,507","1,393,325","2,673,479","1,397","777,253","1,526,020","2,416","631,808","1,156,279","3,243","552,952","1,011,896","2,111","472,819","909,986","9,617","971,437","1,893,625","1,548","569,232","1,103,996","3,580","950,982","1,917,170","5,707","1,628,310","3,253,323","6,995","1,094,829","2,121,786","1,808","874,406","1,704,365","3,006","876,595","1,629,907","3,233","437,330","828,763","2,250","412,387","763,987","6,538","761,294","1,387,950","3,159","384,895","719,184","3,884","541,801","1,055,965","7,593","884,469","1,577,873","10,449","1,018,000","1,821,803","1,180","370,057","666,545","2,482","421,690","779,548","2,992","274,384","478,885","3,124","344,463","779,098"
Region 18 California ,"5,633","1,466,430","557,034","529,037","1,704,943","5,032","1,625,202","1,205,911","1,129,568","3,344,212","2,742","1,388,709","867,131","791,987","2,201,511","6,012","2,469,689","1,747,330","1,654,094","4,787,599","7,009","2,174,372","1,522,692","1,396,113","4,018,246","1,045","1,024,636","745,812","699,486","2,101,966","5,099","3,946,666","1,874,596","1,753,456","5,069,692","2,594","558,161","451,170","423,604","1,204,696","3,120","1,283,819","829,731","767,881","2,166,124","6,672","625,865","1,643,874","3,763","865,435","2,438,392","2,929","762,915","2,198,226","4,999","1,283,040","3,789,038","5,801","1,222,139","3,620,321","1,268","675,977","2,149,874","5,107","1,178,039","3,504,097","3,519","332,425","973,175","2,670","503,808","1,550,533","12,576","747,754","2,271,520","6,499","716,030","2,162,302","4,431","720,544","2,475,232","5,268","1,005,745","3,055,240","9,246","1,027,293","3,025,830","1,824","788,320","2,554,377","8,252","1,619,529","4,964,976","4,770","399,767","1,323,211","3,761","541,605","1,671,943","11,524","847,305","2,772,162","6,907","521,486","1,571,011","8,231","486,468","1,519,970","7,462","1,083,398","3,445,872","5,830","782,571","2,653,438",458,"436,592","1,540,762","6,027","716,104","2,280,947","4,571","266,355","751,579","2,224","531,592","1,429,741"
Region 19 Alaska ,101,740,304,222,106,10,189,122,122,49,5,54,19,19,11,12,129,119,119,53,59,599,316,162,82,12,169,NULL,NULL,NULL,9,18,11,11,11,46,"3,173",104,NULL,NULL,9,99,18,16,11,92,206,248,8,21,28,3,21,NULL,11,NULL,NULL,35,574,561,1,NULL,NULL,25,30,17,32,243,123,19,19,17,29,147,66,13,40,17,11,96,32,15,36,13,29,137,50,8,20,12,6,12,4,20,32,20,18,44,16,9,834,223,1,NULL,NULL,0,0,0,2,NULL,NULL,3,995,222,0,0,0,0,0,0,2,NULL,NULL,0,0,0
Region 20 Hawaii ,467,"5,125","2,951","2,363","2,072",143,"1,311","1,151","1,131",877,64,NULL,"2,065","2,000",NULL,209,"13,816","4,732","2,879","7,073",349,"8,261","6,429","5,160","9,766",48,"8,752","4,475","4,455","10,128",96,"29,498","1,982",832,829,39,202,180,148,158,173,"5,916","2,280","2,215","6,079",344,"2,490","3,309",86,638,"1,187",31,"1,075","1,173",113,"5,450","12,381",251,"4,773","4,997",37,"3,584","9,966",106,"5,034","6,181",263,"2,669","2,812",160,"1,049",778,539,"3,873","7,657",158,NULL,NULL,113,"6,677","16,849",243,NULL,NULL,319,"11,870","23,948",108,"2,656","2,630",133,"46,312",NULL,177,"1,173","2,541",176,"1,990","2,429",221,"12,026",NULL,97,838,"1,867",93,725,946,134,846,"1,162",190,"9,085",NULL,42,NULL,NULL,62,626,730,143,855,"1,882",139,"1,395","3,699"